WEEK,PRODUCT,QTY_ORDER,SALES,AVG_SALES,MIN_UNIT_PRICE,MAX_UNIT_PRICE,DIFF_UNIT_PRICE,VAR_UNIT_PRICE,AVG_PRICE,TOTAL_ITEMS,AVG_ITEMS
0,P2,182,150576.30,841.21,746.10,829.90,83.80,11.23,827.31,182,1.02
0,P6,15,28722.00,1914.80,1914.80,1914.80,0.00,0.00,1914.80,15,1.00
0,P7,1795,1430793.95,825.62,705.58,899.00,193.42,27.41,797.08,1795,1.04
1,P2,918,753256.48,844.46,719.10,829.00,109.90,15.28,820.53,918,1.03
1,P6,81,154645.26,1933.07,1896.70,1989.90,93.20,4.91,1909.34,81,1.01
1,P7,6291,5022130.63,850.63,647.19,899.90,252.71,39.05,798.75,6291,1.07
2,P2,1651,1271005.27,798.37,636.65,869.00,232.35,36.50,770.78,1651,1.04
2,P6,87,166143.20,1931.90,1895.00,2399.00,504.00,26.60,1909.84,87,1.01
2,P7,1294,1084467.30,869.66,687.69,999.00,311.31,45.27,838.34,1294,1.04
3,P2,829,673358.94,830.28,671.49,879.00,207.51,30.90,811.90,829,1.02
3,P6,76,144766.54,1930.22,1893.35,2159.10,265.75,14.04,1904.97,76,1.01
3,P7,4017,3352589.23,866.75,695.33,999.00,303.67,43.67,834.72,4017,1.04
4,P2,648,531546.30,824.10,654.38,879.00,224.62,34.33,820.25,648,1.00
4,P6,38,71976.27,1894.11,1892.98,1928.00,35.02,1.85,1894.11,38,1.00
4,P7,4104,3396805.14,881.83,654.38,999.00,344.62,52.66,828.53,4104,1.07
5,P1,47,69928.35,1487.84,1349.10,1499.00,149.90,11.11,1487.84,47,1.00
5,P2,481,407031.84,871.59,719.10,879.00,159.90,22.24,846.12,481,1.03
5,P3,13,19487.00,1499.00,1499.00,1499.00,0.00,0.00,1499.00,13,1.00
5,P6,750,1256111.39,1711.32,1499.00,1893.90,394.90,26.34,1674.72,750,1.02
5,P7,5052,4172265.25,862.57,654.38,999.00,344.62,52.66,826.90,5052,1.04
6,P1,66,95120.65,1441.22,1259.10,1499.00,239.90,19.05,1441.22,66,1.00
6,P2,368,313297.77,870.27,719.10,879.00,159.90,22.24,850.98,368,1.02
6,P3,37,53889.05,1456.46,1349.10,1499.00,149.90,11.11,1456.46,37,1.00
6,P6,48,95948.80,2085.84,1885.91,2599.00,713.09,37.81,2003.83,48,1.04
6,P7,8088,6525961.38,877.50,584.23,899.00,314.77,53.88,809.04,8088,1.09
7,P1,59,87027.48,1500.47,1349.10,1499.00,149.90,11.11,1476.90,59,1.02
7,P2,385,322230.83,878.01,716.67,879.00,162.33,22.65,837.52,385,1.05
7,P3,53,78477.43,1509.18,1349.10,1499.00,149.90,11.11,1480.35,53,1.02
7,P6,28,66129.21,2543.43,1885.91,2399.00,513.09,27.21,2358.89,28,1.08
7,P7,5318,4381887.55,874.80,655.82,1049.00,393.18,59.95,824.74,5318,1.06
8,P1,135,184348.24,1589.21,1180.48,1499.00,318.52,26.98,1377.20,135,1.16
8,P2,1052,836034.60,810.90,683.15,869.00,185.85,27.20,795.10,1052,1.02
8,P3,46,67443.10,1466.15,1227.68,1499.00,271.32,22.10,1466.15,46,1.00
8,P6,186,319577.77,1775.43,1328.26,2399.00,1070.74,80.61,1715.98,186,1.03
8,P7,4932,4081631.21,883.09,647.19,899.00,251.81,38.91,828.31,4932,1.07
9,P1,173,240406.96,1397.71,1214.19,1499.00,284.81,23.46,1389.79,173,1.01
9,P2,1728,1283674.12,776.10,606.43,879.00,272.57,44.95,744.88,1728,1.04
9,P3,111,160941.73,1490.20,1281.65,1499.00,217.35,16.96,1450.64,111,1.03
9,P6,276,484784.48,1775.77,1533.07,2399.00,865.93,56.48,1755.60,276,1.01
9,P7,7593,6089806.38,895.16,627.17,1049.00,421.83,67.26,805.02,7593,1.12
10,P1,283,391490.79,1413.32,1226.25,1499.00,272.75,22.24,1383.32,283,1.02
10,P2,1102,860010.06,814.40,640.79,879.00,238.21,37.17,781.46,1102,1.04
10,P3,266,369013.91,1392.51,1281.65,1499.00,217.35,16.96,1387.13,266,1.00
10,P6,128,231140.26,1805.78,1619.10,2399.00,779.90,48.17,1805.78,128,1.00
10,P7,2911,2458808.19,890.23,726.25,922.90,196.65,27.08,845.28,2911,1.05
11,P1,244,333666.89,1401.96,1226.25,1499.00,272.75,22.24,1367.61,244,1.03
11,P2,4310,3035290.37,743.94,566.19,879.00,312.81,55.25,704.67,4310,1.06
11,P3,104,148461.49,1455.50,1309.90,1499.00,189.10,14.44,1427.09,104,1.02
11,P6,86,153715.59,1829.95,1619.10,2159.10,540.00,33.35,1788.31,86,1.02
11,P7,4628,3780647.97,883.33,719.10,1049.00,329.90,45.88,817.52,4628,1.08
11,P8,28,15574.00,556.21,539.10,599.00,59.90,11.11,556.21,28,1.00
11,P9,26,14809.67,569.60,490.58,599.00,108.42,22.10,569.60,26,1.00
12,P1,61,89849.15,1497.49,1349.10,1499.00,149.90,11.11,1472.50,61,1.02
12,P2,537,398511.48,757.63,656.10,879.00,222.90,33.97,742.05,537,1.02
12,P3,54,75860.86,1404.83,1349.10,1499.00,149.90,11.11,1404.83,54,1.00
12,P6,60,105491.56,1758.19,1738.99,1864.90,125.91,7.24,1758.19,60,1.00
12,P7,1965,1660315.01,899.90,730.48,1049.00,318.52,43.60,845.01,1965,1.07
12,P8,136,76653.73,594.21,485.19,599.00,113.81,23.46,564.03,136,1.05
12,P9,97,54317.27,571.76,485.19,599.00,113.81,23.46,560.98,97,1.02
13,P1,69,101400.87,1469.58,1241.08,1499.00,257.92,20.78,1469.58,69,1.00
13,P2,420,320683.26,787.92,743.78,879.00,135.22,18.18,763.47,420,1.03
13,P3,60,83076.12,1384.60,1349.10,1499.00,149.90,11.11,1384.60,60,1.00
13,P4,137,77389.68,569.04,486.49,569.00,82.51,16.96,564.86,137,1.01
13,P6,67,121241.55,1894.40,1738.99,2399.00,660.01,37.95,1787.57,67,1.05
13,P7,2807,2335017.91,917.49,687.69,979.00,291.31,42.36,834.36,2807,1.10
13,P8,209,103863.77,514.18,401.29,599.00,197.71,49.27,498.58,209,1.03
13,P9,143,71037.07,503.81,401.29,599.00,197.71,49.27,495.52,143,1.01
14,P1,86,123848.70,1457.04,1259.10,1499.00,239.90,19.05,1439.41,86,1.01
14,P2,489,380563.61,806.28,674.10,899.90,225.80,33.50,778.62,489,1.04
14,P3,70,95583.03,1365.47,1299.00,1499.00,200.00,15.40,1365.47,70,1.00
14,P4,339,192244.95,587.91,512.10,569.00,56.90,11.11,567.02,339,1.04
14,P5,12,12268.00,1022.33,999.00,1139.00,140.00,14.01,1022.33,12,1.00
14,P6,76,135766.83,1810.22,1784.89,1799.00,14.11,0.79,1786.41,76,1.01
14,P7,4878,3945788.07,866.83,692.10,899.90,207.80,30.02,809.44,4878,1.07
14,P8,118,61287.60,532.94,449.10,599.00,149.90,33.38,519.48,118,1.03
14,P9,54,28300.84,524.09,455.05,599.00,143.95,31.63,524.09,54,1.00
15,P1,95,135435.25,1488.30,1329.05,1499.00,169.95,12.79,1426.80,95,1.04
15,P2,2171,1597494.38,758.18,549.00,929.00,380.00,69.22,736.18,2171,1.03
15,P3,136,178907.83,1315.50,1169.10,1499.00,329.90,28.22,1315.50,136,1.00
15,P4,533,301442.34,589.91,460.89,569.00,108.11,23.46,566.07,533,1.04
15,P5,34,34141.33,1034.59,899.10,1139.00,239.90,26.68,1004.31,34,1.03
15,P6,94,165986.32,1844.29,1748.90,1798.00,49.10,2.81,1766.56,94,1.04
15,P7,4570,3667938.71,867.33,654.38,939.90,285.52,43.63,804.14,4570,1.08
15,P8,364,178171.83,510.52,428.99,599.00,170.01,39.63,489.79,364,1.04
15,P9,294,143528.66,503.61,387.99,599.00,211.01,54.39,489.09,294,1.03
16,P1,88,123429.08,1402.60,1145.78,1499.00,353.22,30.83,1402.60,88,1.00
16,P2,3221,2255772.68,734.06,597.65,929.00,331.35,55.44,701.43,3221,1.05
16,P3,117,150909.04,1300.94,1169.10,1499.00,329.90,28.22,1289.74,117,1.01
16,P4,420,237228.76,617.78,467.08,569.00,101.92,21.82,564.57,420,1.09
16,P5,33,33887.40,1026.89,909.09,1199.00,289.91,31.89,1026.89,33,1.00
16,P6,65,116005.07,1812.58,1769.00,1899.00,130.00,7.35,1784.72,65,1.02
16,P7,3128,2565216.05,871.93,683.15,1049.00,365.85,53.55,821.21,3128,1.06
16,P8,174,87055.47,540.72,431.10,599.00,167.90,38.95,500.15,174,1.08
16,P9,114,56860.26,512.25,431.10,599.00,167.90,38.95,498.44,114,1.03
17,P1,59,85591.10,1450.70,1349.10,1499.00,149.90,11.11,1450.70,59,1.00
17,P2,5573,3861675.68,724.38,566.19,829.00,262.81,46.42,693.70,5573,1.05
17,P3,64,84095.09,1313.99,1169.10,1499.00,329.90,28.22,1313.99,64,1.00
17,P4,394,217564.62,626.99,460.89,689.90,229.01,49.69,557.01,394,1.14
17,P5,37,36153.61,1129.80,818.18,1199.00,380.82,46.54,989.74,37,1.16
17,P6,61,108197.77,1773.73,1699.00,1779.00,80.00,4.71,1773.73,61,1.00
17,P7,8944,6864583.30,861.63,613.43,899.90,286.47,46.70,768.17,8944,1.12
17,P8,107,56279.45,541.15,439.00,599.00,160.00,36.45,526.75,107,1.03
17,P9,91,46933.96,527.35,439.00,599.00,160.00,36.45,515.24,91,1.02
18,P1,122,176599.02,1459.50,1259.10,1499.00,239.90,19.05,1448.97,122,1.01
18,P2,1247,923787.27,764.72,599.00,879.00,280.00,46.74,741.45,1247,1.03
18,P3,74,97685.15,1375.85,1169.10,1499.00,329.90,28.22,1321.12,74,1.04
18,P4,2463,1232848.08,672.22,404.10,689.90,285.80,70.73,500.80,2463,1.34
18,P5,13,13132.42,1010.19,899.10,1099.00,199.90,22.23,1010.19,13,1.00
18,P6,86,153111.28,1801.31,1771.00,1799.00,28.00,1.58,1780.46,86,1.01
18,P7,8750,6675725.92,827.84,613.43,919.90,306.47,49.96,763.58,8750,1.09
18,P8,205,104401.68,522.01,449.00,599.00,150.00,33.41,509.53,205,1.02
18,P9,217,110153.06,517.15,449.00,599.00,150.00,33.41,507.78,217,1.02
19,P1,205,283848.54,1433.58,1209.43,1499.00,289.57,23.94,1387.95,205,1.04
19,P2,504,378101.77,765.39,629.10,879.00,249.90,39.72,750.64,504,1.02
19,P3,118,151850.50,1309.06,1169.10,1499.00,329.90,28.22,1287.22,118,1.02
19,P4,1808,882568.99,528.48,408.68,689.90,281.22,68.81,488.69,1808,1.08
19,P5,13,13121.86,1093.49,987.99,1099.00,111.01,11.24,1011.16,13,1.08
19,P6,42,76504.08,1912.60,1798.94,1899.00,100.06,5.56,1822.65,42,1.05
19,P7,7501,5749837.71,815.35,613.43,919.90,306.47,49.96,767.09,7501,1.06
19,P8,1159,538906.24,482.46,409.55,599.00,189.45,46.26,464.78,1159,1.04
19,P9,865,404602.69,486.89,409.55,599.00,189.45,46.26,467.78,865,1.04
20,P1,130,184145.53,1416.50,1209.43,1499.00,289.57,23.94,1416.50,130,1.00
20,P2,201,154064.54,802.42,683.15,809.00,125.85,18.42,766.74,201,1.05
20,P3,101,129269.00,1279.89,1052.19,1424.05,371.86,35.34,1279.89,101,1.00
20,P4,1432,689314.26,523.00,383.99,549.88,165.89,43.20,481.63,1432,1.09
20,P5,19,18560.99,976.89,949.05,1044.05,95.00,10.01,976.89,19,1.00
20,P6,47,86473.01,1879.85,1829.00,2184.05,355.05,19.41,1839.94,47,1.02
20,P7,3939,3032631.25,841.93,629.10,919.90,290.80,46.22,771.81,3939,1.09
20,P8,324,154232.95,489.63,409.55,599.00,189.45,46.26,476.33,324,1.03
20,P9,253,121012.10,487.95,409.55,599.00,189.45,46.26,478.61,253,1.02
21,P1,162,227215.77,1402.57,1259.10,1499.00,239.90,19.05,1402.57,162,1.00
21,P2,7285,4721583.94,717.89,506.06,829.00,322.94,63.81,648.95,7285,1.11
21,P3,51,65572.86,1285.74,1169.10,1499.00,329.90,28.22,1285.74,51,1.00
21,P4,1009,502244.64,540.63,428.80,569.00,140.20,32.70,497.79,1009,1.09
21,P5,89,81501.54,936.80,896.99,999.00,102.01,11.37,915.82,89,1.02
21,P6,47,84817.87,1804.64,1796.99,1829.00,32.01,1.78,1804.64,47,1.00
21,P7,7099,5320084.60,835.57,613.43,879.00,265.57,43.29,750.44,7099,1.11
21,P8,1274,548765.67,447.61,357.92,599.00,241.08,67.36,430.57,1274,1.04
21,P9,815,356958.29,452.99,373.65,599.00,225.35,60.31,438.07,815,1.03
22,P1,179,253187.90,1422.40,1259.10,1499.00,239.90,19.05,1414.54,179,1.01
22,P2,262,195070.95,750.27,714.99,929.00,214.01,29.93,744.28,262,1.01
22,P3,45,57458.52,1305.88,1169.10,1299.00,129.90,11.11,1276.35,45,1.02
22,P4,248,133435.60,570.24,486.49,569.00,82.51,16.96,538.12,248,1.06
22,P5,62,55890.73,931.51,895.00,927.90,32.90,3.68,901.63,62,1.03
22,P6,80,143669.03,1795.86,1623.65,1989.00,365.35,22.50,1795.86,80,1.00
22,P7,1727,1376383.15,836.71,719.10,919.90,200.80,27.92,797.27,1727,1.05
22,P8,494,232263.78,490.01,393.32,599.00,205.68,52.29,470.46,494,1.04
22,P9,305,142438.06,510.53,393.32,599.00,205.68,52.29,466.53,305,1.09
23,P1,111,163327.12,1484.79,1259.10,1499.00,239.90,19.05,1472.07,111,1.01
23,P2,286,204331.89,724.58,689.90,929.00,239.10,34.66,714.40,286,1.01
23,P3,34,43562.34,1320.07,1278.84,1299.00,20.16,1.58,1281.32,34,1.03
23,P4,225,117936.14,583.84,486.49,569.00,82.51,16.96,524.18,225,1.11
23,P5,51,46788.29,917.42,894.97,1182.21,287.24,32.09,917.42,51,1.00
23,P6,80,142421.74,1825.92,1619.10,1899.00,279.90,17.29,1779.66,80,1.03
23,P7,4470,3366812.42,792.19,606.69,879.00,272.31,44.88,753.31,4470,1.05
23,P8,202,101503.10,523.21,449.10,599.00,149.90,33.38,502.50,202,1.04
23,P9,118,59044.30,590.44,449.10,548.90,99.80,22.22,500.62,118,1.18
24,P1,154,219227.96,1451.84,1145.78,1499.00,353.22,30.83,1423.38,154,1.02
24,P2,496,347206.94,727.90,647.19,799.00,151.81,23.46,700.20,496,1.04
24,P3,90,110163.50,1237.79,1063.88,1278.84,214.96,20.21,1223.42,90,1.01
24,P4,558,278760.90,534.02,449.10,569.00,119.90,26.70,500.50,558,1.07
24,P5,34,30416.55,894.60,859.82,989.10,129.28,15.04,894.60,34,1.00
24,P6,49,86020.49,1755.52,1742.00,1757.90,15.90,0.91,1755.52,49,1.00
24,P7,9376,6952333.44,818.50,606.69,1024.90,418.21,68.93,742.75,9376,1.10
24,P8,407,193868.53,484.67,387.99,512.00,124.01,31.96,476.47,407,1.02
24,P9,203,97032.74,490.06,431.10,523.00,91.90,21.32,477.97,203,1.03
25,P1,60,88695.61,1503.32,1186.73,1499.00,312.27,26.31,1477.91,60,1.02
25,P2,3699,2396489.55,695.64,525.69,799.00,273.31,51.99,648.10,3699,1.07
25,P3,67,81515.09,1254.08,1196.98,1248.90,51.92,4.34,1216.87,67,1.03
25,P4,735,365227.53,531.63,404.19,548.00,143.81,35.58,497.12,735,1.07
25,P5,195,157227.80,818.89,798.00,1182.21,384.21,48.15,806.43,195,1.02
25,P6,44,77222.63,1755.06,1728.90,1817.10,88.20,5.10,1755.06,44,1.00
25,P7,7199,5362269.33,861.13,606.69,889.00,282.31,46.53,746.15,7199,1.16
25,P8,421,198992.89,501.24,387.99,499.00,111.01,28.61,473.31,421,1.06
25,P9,28,13927.99,497.43,478.00,599.00,121.00,25.31,497.43,28,1.00
26,P1,118,171906.81,1481.96,1277.10,1499.00,221.90,17.38,1456.11,118,1.02
26,P2,2249,1468662.42,676.18,554.89,799.00,244.11,43.99,653.18,2249,1.04
26,P3,91,107071.24,1176.61,1099.00,1499.00,400.00,36.40,1176.61,91,1.00
26,P4,752,372341.11,722.99,404.19,549.00,144.81,35.83,493.53,752,1.46
26,P5,179,144750.70,822.45,794.99,1063.99,269.00,33.84,808.63,179,1.02
26,P6,24,42334.97,1763.96,1763.28,1764.90,1.62,0.09,1763.96,24,1.00
26,P7,5687,4237456.33,808.67,606.69,1001.90,395.21,65.14,747.98,5687,1.09
26,P8,504,235668.18,485.91,387.99,489.00,101.01,26.03,468.23,504,1.04
26,P9,43,21408.06,497.86,487.00,599.00,112.00,23.00,497.86,43,1.00
27,P1,76,112862.52,1485.03,1341.15,1499.00,157.85,11.77,1485.03,76,1.00
27,P2,1282,864337.37,709.05,548.10,799.00,250.90,45.78,674.78,1282,1.05
27,P3,280,307446.50,1142.92,1089.00,1099.00,10.00,0.92,1097.98,280,1.04
27,P4,66,35558.61,564.42,499.00,548.99,49.99,10.02,538.42,66,1.05
27,P5,2345,1758722.82,791.50,606.69,1199.00,592.31,97.63,746.04,2345,1.06
27,P6,13,22622.33,1740.18,1698.34,1756.70,58.36,3.44,1740.18,13,1.00
27,P7,4798,3572283.18,790.85,606.69,918.99,312.30,51.48,744.97,4798,1.06
27,P8,442,203733.21,494.50,404.19,599.00,194.81,48.20,461.46,442,1.07
27,P9,91,42999.38,488.63,457.00,569.05,112.05,24.52,472.64,91,1.03
28,P1,95,141920.86,1493.90,1341.15,1499.00,157.85,11.77,1493.90,95,1.00
28,P2,404,283966.47,722.56,647.10,799.00,151.90,23.47,703.09,404,1.03
28,P3,225,246929.10,1137.92,1069.90,1349.10,279.20,26.10,1097.57,225,1.04
28,P4,24,13470.20,585.66,544.65,569.90,25.25,4.64,560.92,24,1.04
28,P5,1357,1034171.58,781.10,640.39,1063.99,423.60,66.15,762.38,1357,1.02
28,P6,34,58179.66,1876.76,1697.65,1787.62,89.97,5.30,1712.46,34,1.10
28,P7,6529,4862199.10,796.69,633.07,829.90,196.83,31.09,745.27,6529,1.07
28,P8,314,142796.99,471.28,408.59,599.00,190.41,46.60,454.68,314,1.04
28,P9,126,56777.16,454.22,443.99,569.05,125.06,28.17,450.62,126,1.01
29,P1,115,172001.42,1549.56,1349.10,1499.00,149.90,11.11,1495.54,115,1.04
29,P2,362,257241.13,720.56,649.99,729.00,79.01,12.16,710.65,362,1.01
29,P3,178,197881.07,1130.75,1098.00,1369.00,271.00,24.68,1111.93,178,1.02
29,P4,40,22040.24,595.68,486.49,689.90,203.41,41.81,551.85,40,1.08
29,P5,404,330694.41,826.74,674.10,1039.00,364.90,54.13,818.23,404,1.01
29,P6,53,89503.31,1721.22,1608.67,1819.43,210.76,13.10,1688.58,53,1.02
29,P7,4838,3606534.42,781.31,374.50,918.99,544.49,145.39,745.73,4838,1.05
29,P8,341,153211.49,468.54,394.64,549.00,154.36,39.11,449.12,341,1.04
29,P9,142,62739.76,457.95,439.00,485.19,46.19,10.52,441.90,142,1.04
30,P1,126,188256.74,1494.10,1349.10,1499.00,149.90,11.11,1494.10,126,1.00
30,P2,1487,983505.57,686.33,508.87,799.00,290.13,57.01,661.80,1487,1.04
30,P3,82,90546.64,1117.86,1049.00,1300.55,251.55,23.98,1103.67,82,1.01
30,P4,39,21398.80,578.35,486.49,689.99,203.50,41.83,547.81,39,1.05
30,P5,47,42818.98,930.85,839.00,1199.00,360.00,42.91,909.56,47,1.02
30,P6,59,99862.05,1692.58,1463.89,1874.32,410.43,28.04,1692.58,59,1.00
30,P7,4768,3499787.41,781.55,490.74,799.00,308.26,62.82,734.99,4768,1.06
30,P8,1153,488276.74,457.19,359.20,472.13,112.93,31.44,424.07,1153,1.08
30,P9,127,55200.32,452.46,376.03,469.00,92.97,24.72,434.15,127,1.04
31,P1,161,240814.35,1524.14,1349.10,1499.00,149.90,11.11,1496.63,161,1.02
31,P2,483,336217.72,724.61,684.99,799.00,114.01,16.64,695.87,483,1.04
31,P3,28,32701.95,1211.18,1098.00,1499.00,401.00,36.52,1170.52,28,1.04
31,P4,40,22811.59,584.91,548.00,587.90,39.90,7.28,570.04,40,1.03
31,P5,54,48282.15,894.11,799.00,998.99,199.99,25.03,894.11,54,1.00
31,P6,34,57332.29,1737.34,1653.52,1808.99,155.47,9.40,1686.49,34,1.03
31,P7,2511,1876026.73,778.76,640.39,829.90,189.51,29.59,747.19,2511,1.04
31,P8,456,204313.04,468.61,404.10,499.00,94.90,23.48,448.06,456,1.05
31,P9,424,182995.91,448.52,388.50,435.00,46.50,11.97,431.64,424,1.04
32,P1,103,153947.30,1509.29,1349.10,1499.00,149.90,11.11,1494.59,103,1.01
32,P2,483,331218.69,718.48,667.00,799.00,132.00,19.79,685.42,483,1.05
32,P3,15,19345.00,1289.67,1199.00,1319.00,120.00,10.01,1289.67,15,1.00
32,P4,63,34435.06,583.65,512.10,569.00,56.90,11.11,545.49,63,1.07
32,P5,57,48699.20,854.37,839.00,959.20,120.20,14.33,854.37,57,1.00
32,P6,42,71328.00,1783.20,1674.00,1999.00,325.00,19.41,1699.42,42,1.05
32,P7,1923,1430968.03,781.52,674.10,799.00,124.90,18.53,744.27,1923,1.05
32,P8,180,81469.97,465.54,398.89,499.00,100.11,25.10,452.42,180,1.03
32,P9,593,255740.00,451.04,388.50,434.00,45.50,11.71,431.21,593,1.05
33,P1,37,53168.03,1476.89,1227.68,1499.00,271.32,22.10,1439.00,37,1.03
33,P2,8439,5077605.92,705.22,494.10,799.00,304.90,61.71,605.51,8439,1.17
33,P3,53,62267.20,1197.45,1098.00,1499.00,401.00,36.52,1176.33,53,1.02
33,P4,151,76478.50,602.19,499.90,569.00,69.10,13.82,507.25,151,1.19
33,P5,2871,2100553.19,815.75,575.10,1199.00,623.90,108.49,732.73,2871,1.11
33,P6,58,97541.51,1741.81,1499.90,1999.00,499.10,33.28,1682.03,58,1.04
33,P7,12161,8362902.95,755.32,539.10,918.99,379.89,70.47,689.11,12161,1.10
33,P8,5247,1971567.74,417.44,306.99,499.00,192.01,62.55,376.31,5247,1.11
33,P9,3578,1354499.25,420.78,306.99,449.00,142.01,46.26,379.56,3578,1.11
34,P1,19,27431.70,1443.77,1349.10,1499.00,149.90,11.11,1443.77,19,1.00
34,P2,418,290885.53,736.42,683.00,799.00,116.00,16.98,696.16,418,1.06
34,P3,26,31816.78,1272.67,1098.00,1349.10,251.10,22.87,1218.71,26,1.04
34,P4,112,56709.94,545.29,498.00,569.00,71.00,14.26,506.85,112,1.08
34,P5,1152,866166.20,781.74,561.75,959.20,397.45,70.75,751.96,1152,1.04
34,P6,31,50559.55,1630.95,1499.90,1999.00,499.10,33.28,1630.95,31,1.00
34,P7,642,477025.14,776.91,606.69,921.90,315.21,51.96,743.16,642,1.05
34,P8,493,205106.52,437.33,377.91,499.00,121.09,32.04,416.82,493,1.05
34,P9,795,323929.91,432.48,363.69,499.00,135.31,37.20,407.68,795,1.06
35,P1,124,180854.35,1482.41,1349.10,1499.00,149.90,11.11,1458.45,124,1.02
35,P2,4207,2561745.92,647.89,494.10,799.00,304.90,61.71,610.02,4207,1.06
35,P3,59,74717.77,1266.40,1098.00,1319.00,221.00,20.13,1266.40,59,1.00
35,P4,420,205499.15,606.19,408.34,569.00,160.66,39.34,492.68,420,1.24
35,P5,3609,2672148.42,796.94,566.19,999.00,432.81,76.44,742.91,3609,1.08
35,P6,35,55996.35,1599.90,1499.90,1999.00,499.10,33.28,1599.90,35,1.00
35,P7,11187,7711626.61,740.72,499.69,999.00,499.31,99.92,690.54,11187,1.07
35,P8,2696,1020872.53,406.72,306.99,499.00,192.01,62.55,379.04,2696,1.07
35,P9,2099,793422.82,401.33,306.99,499.00,192.01,62.55,378.47,2099,1.06
36,P1,144,215256.40,1559.83,1349.10,1499.00,149.90,11.11,1494.66,144,1.04
36,P2,2076,1298375.87,651.14,521.55,799.00,277.45,53.20,625.26,2076,1.04
36,P3,33,41292.57,1251.29,1098.00,1347.91,249.91,22.76,1251.29,33,1.00
36,P4,951,446034.88,679.93,399.00,569.00,170.00,42.61,454.47,951,1.45
36,P5,1476,1151335.85,798.98,639.09,880.68,241.59,37.80,780.06,1476,1.02
36,P6,88,132479.07,1522.75,1475.90,1999.00,523.10,35.44,1505.51,88,1.01
36,P7,4250,2972243.61,756.49,572.48,799.90,227.42,39.73,699.78,4250,1.08
36,P8,349,153964.67,466.56,404.19,499.00,94.81,23.46,441.37,349,1.06
36,P9,309,134185.04,464.31,429.90,499.00,69.10,16.07,434.44,309,1.07
37,P1,99,148202.00,1527.86,1349.10,1499.00,149.90,11.11,1496.95,99,1.02
37,P2,1709,1093467.48,674.56,537.79,724.98,187.19,34.81,640.13,1709,1.05
37,P3,57,66473.37,1278.33,1098.00,1296.62,198.62,18.09,1172.76,57,1.10
37,P4,154,78589.62,531.01,498.00,569.00,71.00,14.26,510.15,154,1.04
37,P5,541,431721.73,822.33,706.77,1199.00,492.23,69.65,798.35,541,1.03
37,P6,105,156222.11,1487.83,1473.88,1999.00,525.12,35.63,1487.83,105,1.00
37,P7,4474,3119515.20,738.70,566.19,799.90,233.71,41.28,697.35,4474,1.06
37,P8,3040,1159302.50,404.08,341.10,499.00,157.90,46.29,381.48,3040,1.06
37,P9,1941,741881.60,402.32,306.99,499.00,192.01,62.55,382.25,1941,1.05
38,P1,63,93987.30,1491.86,1349.10,1499.00,149.90,11.11,1491.86,63,1.00
38,P2,918,592771.86,657.90,566.10,749.90,183.80,32.47,645.86,918,1.02
38,P3,46,56092.66,1219.41,1008.83,1311.81,302.98,30.03,1219.41,46,1.00
38,P4,3388,1451513.54,544.25,265.81,569.00,303.19,114.06,426.94,3388,1.27
38,P5,1443,1106617.18,825.83,565.80,898.99,333.19,58.89,769.54,1443,1.08
38,P6,679,949039.99,1540.65,1133.19,1499.99,366.80,32.37,1397.50,679,1.10
38,P7,6599,4563099.32,755.98,537.89,850.00,312.11,58.02,692.98,6599,1.09
38,P8,2124,828063.33,417.58,326.78,499.00,172.22,52.70,389.93,2124,1.07
38,P9,1857,721556.37,418.29,306.99,499.00,192.01,62.55,388.64,1857,1.08
39,P1,135,201915.30,1495.67,1349.10,1499.00,149.90,11.11,1495.67,135,1.00
39,P2,2932,1770579.88,715.96,494.10,799.00,304.90,61.71,609.84,2932,1.19
39,P3,23,26458.72,1150.38,1050.26,1231.79,181.53,17.28,1150.38,23,1.00
39,P4,230,113236.99,534.14,488.00,569.00,81.00,16.60,492.65,230,1.08
39,P5,2354,1715872.49,810.52,595.99,1199.00,603.01,101.18,732.93,2354,1.11
39,P6,133,195481.01,1589.28,1459.00,1799.10,340.10,23.31,1467.47,133,1.08
39,P7,5681,3940272.55,746.83,549.00,799.90,250.90,45.70,694.85,5681,1.08
39,P8,2366,908899.19,419.62,229.00,499.00,270.00,117.90,384.38,2366,1.09
39,P9,1592,609867.14,410.68,341.10,499.00,157.90,46.29,383.30,1592,1.07
40,P1,141,210459.60,1582.40,1349.10,1499.00,149.90,11.11,1492.24,141,1.06
40,P2,186,125632.91,697.96,587.23,799.00,211.77,36.06,675.25,186,1.03
40,P3,29,34671.43,1195.57,1166.96,1296.62,129.66,11.11,1195.57,29,1.00
40,P4,368,179320.22,543.39,469.00,569.00,100.00,21.32,487.49,368,1.12
40,P5,1870,1389928.80,783.94,647.51,853.52,206.01,31.82,744.37,1870,1.05
40,P6,101,150050.23,1531.12,1459.00,1899.05,440.05,30.16,1486.03,101,1.03
40,P7,882,668169.11,793.55,647.19,918.99,271.80,42.00,758.15,882,1.05
40,P8,2580,1018433.06,426.66,355.41,499.00,143.59,40.40,394.95,2580,1.08
40,P9,1206,475609.28,428.48,355.41,499.00,143.59,40.40,395.03,1206,1.09
41,P1,29,43321.10,1493.83,1349.10,1499.00,149.90,11.11,1493.83,29,1.00
41,P2,164,108619.63,696.28,587.23,799.00,211.77,36.06,661.55,164,1.05
41,P3,13,15235.31,1269.61,1166.96,1231.79,64.83,5.56,1172.36,13,1.08
41,P4,210,99053.49,497.76,469.00,569.00,100.00,21.32,471.81,210,1.06
41,P5,704,532061.91,775.60,643.77,819.00,175.23,27.22,755.82,704,1.03
41,P6,51,74397.28,1458.77,1457.95,1489.00,31.05,2.13,1458.77,51,1.00
41,P7,2416,1689300.98,765.43,629.10,849.90,220.80,35.10,699.65,2416,1.09
41,P8,1913,730180.56,408.84,341.10,499.00,157.90,46.29,381.87,1913,1.07
41,P9,1115,425132.57,402.21,341.10,449.00,107.90,31.63,381.35,1115,1.05
